Application;Status;Initiative;Synchronicity;Remaining until the end;yas;test;don't know;sup ?;azerty;ola;why;So;Serious;?;it's;only;data;no ?;;;;;;;;;;;;;;;;;;;;;;;;
Like an app;Live;Receiver (pull);Asynchronous;1;0;0;0;0;0;0;0;0;0;0;0;0;0;0;;;;;;;;;;;;;;;;;;;;;;;;
Like an app;Live;Receiver (pull);Synchronous;1;0;0;0;0;0;0;0;0;0;0;0;0;0;0;;;;;;;;;;;;;;;;;;;;;;;;
Like an app;Live;Receiver (pull);;1;0;0;0;0;0;0;0;0;0;0;0;0;0;0;;;;;;;;;;;;;;;;;;;;;;;;
Like an app;Live;Sender (push);Asynchronous;1;0;0;0;0;0;0;0;0;0;0;0;0;0;0;;;;;;;;;;;;;;;;;;;;;;;;
Like an app;Live;Sender (push);Synchronous;1;0;0;0;0;0;0;0;0;0;0;0;0;0;0;;;;;;;;;;;;;;;;;;;;;;;;
Like an app;Live;Sender (push);;1;0;0;0;0;0;0;0;0;0;0;0;0;0;0;;;;;;;;;;;;;;;;;;;;;;;;
Like an app;Live;Manual;Asynchronous;1;0;0;0;0;0;0;0;0;0;0;0;0;0;0;;;;;;;;;;;;;;;;;;;;;;;;
Like an app;Live;Manual;Synchronous;1;0;0;0;0;0;0;0;0;0;0;0;0;0;0;;;;;;;;;;;;;;;;;;;;;;;;
Like an app;Live;Manual;;1;0;0;0;0;0;0;0;0;0;0;0;0;0;0;;;;;;;;;;;;;;;;;;;;;;;;
Like an app;Live;;Asynchronous;1;0;0;0;0;0;0;0;0;0;0;0;0;0;0;;;;;;;;;;;;;;;;;;;;;;;;
Like an app;Live;;Synchronous;1;0;0;0;0;0;0;0;0;0;0;0;0;0;0;;;;;;;;;;;;;;;;;;;;;;;;
Like an app;Live;;;1;1;0;0;1;1;0;0;0;0;0;1;0;0;1;;;;;;;;;;;;;;;;;;;;;;;;
Like an app;Planned;Receiver (pull);Asynchronous;1;0;0;0;0;0;0;0;0;0;0;0;0;0;0;;;;;;;;;;;;;;;;;;;;;;;;
Like an app;Planned;Receiver (pull);Synchronous;1;0;0;0;0;0;0;0;0;0;0;0;0;0;0;;;;;;;;;;;;;;;;;;;;;;;;
Like an app;Planned;Receiver (pull);;1;0;0;0;0;0;0;0;0;0;0;0;0;0;0;;;;;;;;;;;;;;;;;;;;;;;;
Like an app;Planned;Sender (push);Asynchronous;1;0;0;0;0;0;0;0;0;0;0;0;0;0;0;;;;;;;;;;;;;;;;;;;;;;;;
Like an app;Planned;Sender (push);Synchronous;1;0;0;0;0;0;0;0;0;0;0;0;0;0;0;;;;;;;;;;;;;;;;;;;;;;;;
Like an app;Planned;Sender (push);;1;0;0;0;0;0;0;0;0;0;0;0;0;0;0;;;;;;;;;;;;;;;;;;;;;;;;
Like an app;Planned;Manual;Asynchronous;1;0;0;0;0;0;0;0;0;0;0;0;0;0;0;;;;;;;;;;;;;;;;;;;;;;;;
Like an app;Planned;Manual;Synchronous;1;0;0;0;0;0;0;0;0;0;0;0;0;0;0;;;;;;;;;;;;;;;;;;;;;;;;
Like an app;Planned;Manual;;1;0;0;0;0;0;0;0;0;0;0;0;0;0;0;;;;;;;;;;;;;;;;;;;;;;;;
Like an app;Planned;;Asynchronous;1;0;0;0;0;0;0;0;0;0;0;0;0;0;0;;;;;;;;;;;;;;;;;;;;;;;;
Like an app;Planned;;Synchronous;1;0;0;0;0;0;0;0;0;0;0;0;0;0;0;;;;;;;;;;;;;;;;;;;;;;;;
Like an app;Planned;;;1;0;0;0;0;0;0;0;0;0;0;0;0;0;0;;;;;;;;;;;;;;;;;;;;;;;;
Like an app;In Construction;Receiver (pull);Asynchronous;1;0;0;0;0;0;0;0;0;0;0;0;0;0;0;;;;;;;;;;;;;;;;;;;;;;;;
Like an app;In Construction;Receiver (pull);Synchronous;1;0;0;0;0;0;0;0;0;0;0;0;0;0;0;;;;;;;;;;;;;;;;;;;;;;;;
Like an app;In Construction;Receiver (pull);;1;0;0;0;0;0;0;0;0;0;0;0;0;0;0;;;;;;;;;;;;;;;;;;;;;;;;
Like an app;In Construction;Sender (push);Asynchronous;1;0;0;0;0;0;0;0;0;0;0;0;0;0;0;;;;;;;;;;;;;;;;;;;;;;;;
Like an app;In Construction;Sender (push);Synchronous;1;0;0;0;0;0;0;0;0;0;0;0;0;0;0;;;;;;;;;;;;;;;;;;;;;;;;
Like an app;In Construction;Sender (push);;1;0;0;0;0;0;0;0;0;0;0;0;0;0;0;;;;;;;;;;;;;;;;;;;;;;;;
Like an app;In Construction;Manual;Asynchronous;1;0;0;0;0;0;0;0;0;0;0;0;0;0;0;;;;;;;;;;;;;;;;;;;;;;;;
Like an app;In Construction;Manual;Synchronous;1;0;0;0;0;0;0;0;0;0;0;0;0;0;0;;;;;;;;;;;;;;;;;;;;;;;;
Like an app;In Construction;Manual;;1;0;0;0;0;0;0;0;0;0;0;0;0;0;0;;;;;;;;;;;;;;;;;;;;;;;;
Like an app;In Construction;;Asynchronous;1;0;0;0;0;0;0;0;0;0;0;0;0;0;0;;;;;;;;;;;;;;;;;;;;;;;;
Like an app;In Construction;;Synchronous;1;0;0;0;0;0;0;0;0;0;0;0;0;0;0;;;;;;;;;;;;;;;;;;;;;;;;
Like an app;In Construction;;;1;0;0;0;0;0;0;0;0;0;0;0;0;0;0;;;;;;;;;;;;;;;;;;;;;;;;
Like an app;Live to be Stopped;Receiver (pull);Asynchronous;1;0;0;0;0;0;0;0;0;0;0;0;0;0;0;;;;;;;;;;;;;;;;;;;;;;;;
Like an app;Live to be Stopped;Receiver (pull);Synchronous;1;0;0;0;0;0;0;0;0;0;0;0;0;0;0;;;;;;;;;;;;;;;;;;;;;;;;
Like an app;Live to be Stopped;Receiver (pull);;1;0;0;0;0;0;0;0;0;0;0;0;0;0;0;;;;;;;;;;;;;;;;;;;;;;;;
Like an app;Live to be Stopped;Sender (push);Asynchronous;1;0;0;0;0;0;0;0;0;0;0;0;0;0;0;;;;;;;;;;;;;;;;;;;;;;;;
Like an app;Live to be Stopped;Sender (push);Synchronous;1;0;0;0;0;0;0;0;0;0;0;0;0;0;0;;;;;;;;;;;;;;;;;;;;;;;;
Like an app;Live to be Stopped;Sender (push);;1;0;0;0;0;0;0;0;0;0;0;0;0;0;0;;;;;;;;;;;;;;;;;;;;;;;;
Like an app;Live to be Stopped;Manual;Asynchronous;1;0;0;0;0;0;0;0;0;0;0;0;0;0;0;;;;;;;;;;;;;;;;;;;;;;;;
Like an app;Live to be Stopped;Manual;Synchronous;1;0;0;0;0;0;0;0;0;0;0;0;0;0;0;;;;;;;;;;;;;;;;;;;;;;;;
Like an app;Live to be Stopped;Manual;;1;0;0;0;0;0;0;0;0;0;0;0;0;0;0;;;;;;;;;;;;;;;;;;;;;;;;
Like an app;Live to be Stopped;;Asynchronous;1;0;0;0;0;0;0;0;0;0;0;0;0;0;0;;;;;;;;;;;;;;;;;;;;;;;;
Like an app;Live to be Stopped;;Synchronous;1;0;0;0;0;0;0;0;0;0;0;0;0;0;0;;;;;;;;;;;;;;;;;;;;;;;;
Like an app;Live to be Stopped;;;1;0;0;0;0;0;0;0;0;0;0;0;0;0;0;;;;;;;;;;;;;;;;;;;;;;;;
second one;Live;Receiver (pull);Asynchronous;1;0;0;0;0;0;0;0;0;0;0;0;0;0;0;;;;;;;;;;;;;;;;;;;;;;;;
second one;Live;Receiver (pull);Synchronous;1;0;0;0;0;0;0;0;0;0;0;0;0;0;0;;;;;;;;;;;;;;;;;;;;;;;;
second one;Live;Receiver (pull);;1;0;0;0;0;0;0;0;0;0;0;0;0;0;0;;;;;;;;;;;;;;;;;;;;;;;;
second one;Live;Sender (push);Asynchronous;1;0;0;0;0;0;0;0;0;0;0;0;0;0;0;;;;;;;;;;;;;;;;;;;;;;;;
second one;Live;Sender (push);Synchronous;1;0;0;0;0;0;0;0;0;0;0;0;0;0;0;;;;;;;;;;;;;;;;;;;;;;;;
second one;Live;Sender (push);;1;0;0;0;0;0;0;0;0;0;0;0;0;0;0;;;;;;;;;;;;;;;;;;;;;;;;
second one;Live;Manual;Asynchronous;1;0;0;0;0;0;0;0;0;0;0;0;0;0;0;;;;;;;;;;;;;;;;;;;;;;;;
second one;Live;Manual;Synchronous;1;0;0;0;0;0;0;0;0;0;0;0;0;0;0;;;;;;;;;;;;;;;;;;;;;;;;
second one;Live;Manual;;1;0;0;0;0;0;0;0;0;0;0;0;0;0;0;;;;;;;;;;;;;;;;;;;;;;;;
second one;Live;;Asynchronous;1;0;0;0;0;0;0;0;0;0;0;0;0;0;0;;;;;;;;;;;;;;;;;;;;;;;;
second one;Live;;Synchronous;1;0;0;0;0;0;0;0;0;0;0;0;0;0;0;;;;;;;;;;;;;;;;;;;;;;;;
second one;Live;;;1;0;0;0;0;0;0;0;0;0;0;0;0;0;0;;;;;;;;;;;;;;;;;;;;;;;;
second one;Planned;Receiver (pull);Asynchronous;1;0;0;0;0;0;0;0;0;0;0;0;0;0;0;;;;;;;;;;;;;;;;;;;;;;;;
second one;Planned;Receiver (pull);Synchronous;1;0;0;0;0;0;0;0;0;0;0;0;0;0;0;;;;;;;;;;;;;;;;;;;;;;;;
second one;Planned;Receiver (pull);;1;0;0;0;0;0;0;0;0;0;0;0;0;0;0;;;;;;;;;;;;;;;;;;;;;;;;
second one;Planned;Sender (push);Asynchronous;1;0;0;0;0;0;0;0;0;0;0;0;0;0;0;;;;;;;;;;;;;;;;;;;;;;;;
second one;Planned;Sender (push);Synchronous;1;0;0;0;0;0;0;0;0;0;0;0;0;0;0;;;;;;;;;;;;;;;;;;;;;;;;
second one;Planned;Sender (push);;1;0;0;0;0;0;0;0;0;0;0;0;0;0;0;;;;;;;;;;;;;;;;;;;;;;;;
second one;Planned;Manual;Asynchronous;1;0;0;0;0;0;0;0;0;0;0;0;0;0;0;;;;;;;;;;;;;;;;;;;;;;;;
second one;Planned;Manual;Synchronous;1;0;0;0;0;0;0;0;0;0;0;0;0;0;0;;;;;;;;;;;;;;;;;;;;;;;;
second one;Planned;Manual;;1;1;0;0;1;0;1;0;0;0;0;0;0;0;0;;;;;;;;;;;;;;;;;;;;;;;;
second one;Planned;;Asynchronous;1;0;0;0;0;0;0;0;0;0;0;0;0;0;0;;;;;;;;;;;;;;;;;;;;;;;;
second one;Planned;;Synchronous;1;0;0;0;0;0;0;0;0;0;0;0;0;0;0;;;;;;;;;;;;;;;;;;;;;;;;
second one;Planned;;;1;0;0;0;0;0;0;0;0;0;0;0;0;0;0;;;;;;;;;;;;;;;;;;;;;;;;
second one;In Construction;Receiver (pull);Asynchronous;1;0;0;0;0;0;0;0;0;0;0;0;0;0;0;;;;;;;;;;;;;;;;;;;;;;;;
second one;In Construction;Receiver (pull);Synchronous;1;0;0;0;0;0;0;0;0;0;0;0;0;0;0;;;;;;;;;;;;;;;;;;;;;;;;
second one;In Construction;Receiver (pull);;1;0;0;0;0;0;0;0;0;0;0;0;0;0;0;;;;;;;;;;;;;;;;;;;;;;;;
second one;In Construction;Sender (push);Asynchronous;1;0;0;0;0;0;0;0;0;0;0;0;0;0;0;;;;;;;;;;;;;;;;;;;;;;;;
second one;In Construction;Sender (push);Synchronous;1;0;0;0;0;0;0;0;0;0;0;0;0;0;0;;;;;;;;;;;;;;;;;;;;;;;;
second one;In Construction;Sender (push);;1;0;0;0;0;0;0;0;0;0;0;0;0;0;0;;;;;;;;;;;;;;;;;;;;;;;;
second one;In Construction;Manual;Asynchronous;1;0;0;0;0;0;0;0;0;0;0;0;0;0;0;;;;;;;;;;;;;;;;;;;;;;;;
second one;In Construction;Manual;Synchronous;1;0;0;0;0;0;0;0;0;0;0;0;0;0;0;;;;;;;;;;;;;;;;;;;;;;;;
second one;In Construction;Manual;;1;0;0;0;0;0;0;0;0;0;0;0;0;0;0;;;;;;;;;;;;;;;;;;;;;;;;
second one;In Construction;;Asynchronous;1;0;0;0;0;0;0;0;0;0;0;0;0;0;0;;;;;;;;;;;;;;;;;;;;;;;;
second one;In Construction;;Synchronous;1;0;0;0;0;0;0;0;0;0;0;0;0;0;0;;;;;;;;;;;;;;;;;;;;;;;;
second one;In Construction;;;1;0;0;0;0;0;0;0;0;0;0;0;0;0;0;;;;;;;;;;;;;;;;;;;;;;;;
second one;Live to be Stopped;Receiver (pull);Asynchronous;1;0;0;0;0;0;0;0;0;0;0;0;0;0;0;;;;;;;;;;;;;;;;;;;;;;;;
second one;Live to be Stopped;Receiver (pull);Synchronous;1;0;0;0;0;0;0;0;0;0;0;0;0;0;0;;;;;;;;;;;;;;;;;;;;;;;;
second one;Live to be Stopped;Receiver (pull);;1;0;0;0;0;0;0;0;0;0;0;0;0;0;0;;;;;;;;;;;;;;;;;;;;;;;;
second one;Live to be Stopped;Sender (push);Asynchronous;1;0;0;0;0;0;0;0;0;0;0;0;0;0;0;;;;;;;;;;;;;;;;;;;;;;;;
second one;Live to be Stopped;Sender (push);Synchronous;1;0;0;0;0;0;0;0;0;0;0;0;0;0;0;;;;;;;;;;;;;;;;;;;;;;;;
second one;Live to be Stopped;Sender (push);;1;0;0;0;0;0;0;0;0;0;0;0;0;0;0;;;;;;;;;;;;;;;;;;;;;;;;
second one;Live to be Stopped;Manual;Asynchronous;1;0;0;0;0;0;0;0;0;0;0;0;0;0;0;;;;;;;;;;;;;;;;;;;;;;;;
second one;Live to be Stopped;Manual;Synchronous;1;0;0;0;0;0;0;0;0;0;0;0;0;0;0;;;;;;;;;;;;;;;;;;;;;;;;
second one;Live to be Stopped;Manual;;1;0;0;0;0;0;0;0;0;0;0;0;0;0;0;;;;;;;;;;;;;;;;;;;;;;;;
second one;Live to be Stopped;;Asynchronous;1;0;0;0;0;0;0;0;0;0;0;0;0;0;0;;;;;;;;;;;;;;;;;;;;;;;;
second one;Live to be Stopped;;Synchronous;1;0;0;0;0;0;0;0;0;0;0;0;0;0;0;;;;;;;;;;;;;;;;;;;;;;;;
second one;Live to be Stopped;;;1;0;0;0;0;0;0;0;0;0;0;0;0;0;0;;;;;;;;;;;;;;;;;;;;;;;;
Bet it's the third;Live;Receiver (pull);Asynchronous;14;1;1;0;0;1;0;1;0;1;0;0;0;0;0;;;;;;;;;;;;;;;;;;;;;;;;
Bet it's the third;Live;Receiver (pull);Synchronous;14;0;0;0;0;0;0;0;0;0;0;0;0;0;0;;;;;;;;;;;;;;;;;;;;;;;;
Bet it's the third;Live;Receiver (pull);;14;1;0;0;1;1;0;0;0;0;0;1;0;0;1;;;;;;;;;;;;;;;;;;;;;;;;
Bet it's the third;Live;Sender (push);Asynchronous;14;0;0;0;0;0;0;0;0;0;0;0;0;0;0;;;;;;;;;;;;;;;;;;;;;;;;
Bet it's the third;Live;Sender (push);Synchronous;14;0;0;0;0;0;0;0;0;0;0;0;0;0;0;;;;;;;;;;;;;;;;;;;;;;;;
Bet it's the third;Live;Sender (push);;14;0;0;0;0;0;0;0;0;0;0;0;0;0;0;;;;;;;;;;;;;;;;;;;;;;;;
Bet it's the third;Live;Manual;Asynchronous;14;1;1;0;0;0;1;0;0;0;0;0;0;0;0;;;;;;;;;;;;;;;;;;;;;;;;
Bet it's the third;Live;Manual;Synchronous;14;0;0;0;0;0;0;0;0;0;0;0;0;0;0;;;;;;;;;;;;;;;;;;;;;;;;
Bet it's the third;Live;Manual;;14;2;0;0;2;0;2;1;0;0;0;0;0;0;0;;;;;;;;;;;;;;;;;;;;;;;;
Bet it's the third;Live;;Asynchronous;14;1;1;0;0;1;0;0;0;0;0;1;1;0;0;;;;;;;;;;;;;;;;;;;;;;;;
Bet it's the third;Live;;Synchronous;14;0;0;0;0;0;0;0;0;0;0;0;0;0;0;;;;;;;;;;;;;;;;;;;;;;;;
Bet it's the third;Live;;;14;2;0;0;2;2;0;0;0;0;0;2;0;0;2;;;;;;;;;;;;;;;;;;;;;;;;
Bet it's the third;Planned;Receiver (pull);Asynchronous;14;0;0;0;0;0;0;0;0;0;0;0;0;0;0;;;;;;;;;;;;;;;;;;;;;;;;
Bet it's the third;Planned;Receiver (pull);Synchronous;14;0;0;0;0;0;0;0;0;0;0;0;0;0;0;;;;;;;;;;;;;;;;;;;;;;;;
Bet it's the third;Planned;Receiver (pull);;14;0;0;0;0;0;0;0;0;0;0;0;0;0;0;;;;;;;;;;;;;;;;;;;;;;;;
Bet it's the third;Planned;Sender (push);Asynchronous;14;1;1;0;0;1;0;0;0;0;0;1;1;0;0;;;;;;;;;;;;;;;;;;;;;;;;
Bet it's the third;Planned;Sender (push);Synchronous;14;0;0;0;0;0;0;0;0;0;0;0;0;0;0;;;;;;;;;;;;;;;;;;;;;;;;
Bet it's the third;Planned;Sender (push);;14;0;0;0;0;0;0;0;0;0;0;0;0;0;0;;;;;;;;;;;;;;;;;;;;;;;;
Bet it's the third;Planned;Manual;Asynchronous;14;0;0;0;0;0;0;0;0;0;0;0;0;0;0;;;;;;;;;;;;;;;;;;;;;;;;
Bet it's the third;Planned;Manual;Synchronous;14;0;0;0;0;0;0;0;0;0;0;0;0;0;0;;;;;;;;;;;;;;;;;;;;;;;;
Bet it's the third;Planned;Manual;;14;0;0;0;0;0;0;0;0;0;0;0;0;0;0;;;;;;;;;;;;;;;;;;;;;;;;
Bet it's the third;Planned;;Asynchronous;14;0;0;0;0;0;0;0;0;0;0;0;0;0;0;;;;;;;;;;;;;;;;;;;;;;;;
Bet it's the third;Planned;;Synchronous;14;0;0;0;0;0;0;0;0;0;0;0;0;0;0;;;;;;;;;;;;;;;;;;;;;;;;
Bet it's the third;Planned;;;14;2;0;0;2;2;0;0;0;0;0;2;0;0;2;;;;;;;;;;;;;;;;;;;;;;;;
Bet it's the third;In Construction;Receiver (pull);Asynchronous;14;0;0;0;0;0;0;0;0;0;0;0;0;0;0;;;;;;;;;;;;;;;;;;;;;;;;
Bet it's the third;In Construction;Receiver (pull);Synchronous;14;0;0;0;0;0;0;0;0;0;0;0;0;0;0;;;;;;;;;;;;;;;;;;;;;;;;
Bet it's the third;In Construction;Receiver (pull);;14;0;0;0;0;0;0;0;0;0;0;0;0;0;0;;;;;;;;;;;;;;;;;;;;;;;;
Bet it's the third;In Construction;Sender (push);Asynchronous;14;0;0;0;0;0;0;0;0;0;0;0;0;0;0;;;;;;;;;;;;;;;;;;;;;;;;
Bet it's the third;In Construction;Sender (push);Synchronous;14;0;0;0;0;0;0;0;0;0;0;0;0;0;0;;;;;;;;;;;;;;;;;;;;;;;;
Bet it's the third;In Construction;Sender (push);;14;0;0;0;0;0;0;0;0;0;0;0;0;0;0;;;;;;;;;;;;;;;;;;;;;;;;
Bet it's the third;In Construction;Manual;Asynchronous;14;0;0;0;0;0;0;0;0;0;0;0;0;0;0;;;;;;;;;;;;;;;;;;;;;;;;
Bet it's the third;In Construction;Manual;Synchronous;14;0;0;0;0;0;0;0;0;0;0;0;0;0;0;;;;;;;;;;;;;;;;;;;;;;;;
Bet it's the third;In Construction;Manual;;14;0;0;0;0;0;0;0;0;0;0;0;0;0;0;;;;;;;;;;;;;;;;;;;;;;;;
Bet it's the third;In Construction;;Asynchronous;14;0;0;0;0;0;0;0;0;0;0;0;0;0;0;;;;;;;;;;;;;;;;;;;;;;;;
Bet it's the third;In Construction;;Synchronous;14;0;0;0;0;0;0;0;0;0;0;0;0;0;0;;;;;;;;;;;;;;;;;;;;;;;;
Bet it's the third;In Construction;;;14;0;0;0;0;0;0;0;0;0;0;0;0;0;0;;;;;;;;;;;;;;;;;;;;;;;;
Bet it's the third;Live to be Stopped;Receiver (pull);Asynchronous;14;0;0;0;0;0;0;0;0;0;0;0;0;0;0;;;;;;;;;;;;;;;;;;;;;;;;
Bet it's the third;Live to be Stopped;Receiver (pull);Synchronous;14;0;0;0;0;0;0;0;0;0;0;0;0;0;0;;;;;;;;;;;;;;;;;;;;;;;;
Bet it's the third;Live to be Stopped;Receiver (pull);;14;0;0;0;0;0;0;0;0;0;0;0;0;0;0;;;;;;;;;;;;;;;;;;;;;;;;
Bet it's the third;Live to be Stopped;Sender (push);Asynchronous;14;0;0;0;0;0;0;0;0;0;0;0;0;0;0;;;;;;;;;;;;;;;;;;;;;;;;
Bet it's the third;Live to be Stopped;Sender (push);Synchronous;14;0;0;0;0;0;0;0;0;0;0;0;0;0;0;;;;;;;;;;;;;;;;;;;;;;;;
Bet it's the third;Live to be Stopped;Sender (push);;14;0;0;0;0;0;0;0;0;0;0;0;0;0;0;;;;;;;;;;;;;;;;;;;;;;;;
Bet it's the third;Live to be Stopped;Manual;Asynchronous;14;0;0;0;0;0;0;0;0;0;0;0;0;0;0;;;;;;;;;;;;;;;;;;;;;;;;
Bet it's the third;Live to be Stopped;Manual;Synchronous;14;0;0;0;0;0;0;0;0;0;0;0;0;0;0;;;;;;;;;;;;;;;;;;;;;;;;
Bet it's the third;Live to be Stopped;Manual;;14;1;0;0;1;0;1;1;0;0;0;0;0;0;0;;;;;;;;;;;;;;;;;;;;;;;;
Bet it's the third;Live to be Stopped;;Asynchronous;14;0;0;0;0;0;0;0;0;0;0;0;0;0;0;;;;;;;;;;;;;;;;;;;;;;;;
Bet it's the third;Live to be Stopped;;Synchronous;14;0;0;0;0;0;0;0;0;0;0;0;0;0;0;;;;;;;;;;;;;;;;;;;;;;;;
Bet it's the third;Live to be Stopped;;;14;2;0;0;2;2;0;0;0;0;0;2;0;0;2;;;;;;;;;;;;;;;;;;;;;;;;
Oh no !;Live;Receiver (pull);Asynchronous;23;3;3;0;0;3;0;0;0;0;0;3;3;0;0;;;;;;;;;;;;;;;;;;;;;;;;
Oh no !;Live;Receiver (pull);Synchronous;23;0;0;0;0;0;0;0;0;0;0;0;0;0;0;;;;;;;;;;;;;;;;;;;;;;;;
Oh no !;Live;Receiver (pull);;23;0;0;0;0;0;0;0;0;0;0;0;0;0;0;;;;;;;;;;;;;;;;;;;;;;;;
Oh no !;Live;Sender (push);Asynchronous;23;1;1;0;0;1;0;1;0;1;0;0;0;0;0;;;;;;;;;;;;;;;;;;;;;;;;
Oh no !;Live;Sender (push);Synchronous;23;1;0;1;0;1;0;0;1;0;1;0;0;0;0;;;;;;;;;;;;;;;;;;;;;;;;
Oh no !;Live;Sender (push);;23;0;0;0;0;0;0;0;0;0;0;0;0;0;0;;;;;;;;;;;;;;;;;;;;;;;;
Oh no !;Live;Manual;Asynchronous;23;0;0;0;0;0;0;0;0;0;0;0;0;0;0;;;;;;;;;;;;;;;;;;;;;;;;
Oh no !;Live;Manual;Synchronous;23;0;0;0;0;0;0;0;0;0;0;0;0;0;0;;;;;;;;;;;;;;;;;;;;;;;;
Oh no !;Live;Manual;;23;4;0;0;4;0;4;0;0;0;0;0;0;0;0;;;;;;;;;;;;;;;;;;;;;;;;
Oh no !;Live;;Asynchronous;23;0;0;0;0;0;0;0;0;0;0;0;0;0;0;;;;;;;;;;;;;;;;;;;;;;;;
Oh no !;Live;;Synchronous;23;0;0;0;0;0;0;0;0;0;0;0;0;0;0;;;;;;;;;;;;;;;;;;;;;;;;
Oh no !;Live;;;23;6;0;0;6;6;0;3;1;3;1;2;0;0;2;;;;;;;;;;;;;;;;;;;;;;;;
Oh no !;Planned;Receiver (pull);Asynchronous;23;0;0;0;0;0;0;0;0;0;0;0;0;0;0;;;;;;;;;;;;;;;;;;;;;;;;
Oh no !;Planned;Receiver (pull);Synchronous;23;0;0;0;0;0;0;0;0;0;0;0;0;0;0;;;;;;;;;;;;;;;;;;;;;;;;
Oh no !;Planned;Receiver (pull);;23;0;0;0;0;0;0;0;0;0;0;0;0;0;0;;;;;;;;;;;;;;;;;;;;;;;;
Oh no !;Planned;Sender (push);Asynchronous;23;0;0;0;0;0;0;0;0;0;0;0;0;0;0;;;;;;;;;;;;;;;;;;;;;;;;
Oh no !;Planned;Sender (push);Synchronous;23;0;0;0;0;0;0;0;0;0;0;0;0;0;0;;;;;;;;;;;;;;;;;;;;;;;;
Oh no !;Planned;Sender (push);;23;0;0;0;0;0;0;0;0;0;0;0;0;0;0;;;;;;;;;;;;;;;;;;;;;;;;
Oh no !;Planned;Manual;Asynchronous;23;0;0;0;0;0;0;0;0;0;0;0;0;0;0;;;;;;;;;;;;;;;;;;;;;;;;
Oh no !;Planned;Manual;Synchronous;23;0;0;0;0;0;0;0;0;0;0;0;0;0;0;;;;;;;;;;;;;;;;;;;;;;;;
Oh no !;Planned;Manual;;23;1;0;0;1;0;1;0;0;0;0;0;0;0;0;;;;;;;;;;;;;;;;;;;;;;;;
Oh no !;Planned;;Asynchronous;23;1;1;0;0;1;0;1;0;1;0;0;0;0;0;;;;;;;;;;;;;;;;;;;;;;;;
Oh no !;Planned;;Synchronous;23;0;0;0;0;0;0;0;0;0;0;0;0;0;0;;;;;;;;;;;;;;;;;;;;;;;;
Oh no !;Planned;;;23;5;0;0;5;5;0;0;0;0;0;5;0;0;5;;;;;;;;;;;;;;;;;;;;;;;;
Oh no !;In Construction;Receiver (pull);Asynchronous;23;0;0;0;0;0;0;0;0;0;0;0;0;0;0;;;;;;;;;;;;;;;;;;;;;;;;
Oh no !;In Construction;Receiver (pull);Synchronous;23;0;0;0;0;0;0;0;0;0;0;0;0;0;0;;;;;;;;;;;;;;;;;;;;;;;;
Oh no !;In Construction;Receiver (pull);;23;0;0;0;0;0;0;0;0;0;0;0;0;0;0;;;;;;;;;;;;;;;;;;;;;;;;
Oh no !;In Construction;Sender (push);Asynchronous;23;0;0;0;0;0;0;0;0;0;0;0;0;0;0;;;;;;;;;;;;;;;;;;;;;;;;
Oh no !;In Construction;Sender (push);Synchronous;23;0;0;0;0;0;0;0;0;0;0;0;0;0;0;;;;;;;;;;;;;;;;;;;;;;;;
Oh no !;In Construction;Sender (push);;23;0;0;0;0;0;0;0;0;0;0;0;0;0;0;;;;;;;;;;;;;;;;;;;;;;;;
Oh no !;In Construction;Manual;Asynchronous;23;0;0;0;0;0;0;0;0;0;0;0;0;0;0;;;;;;;;;;;;;;;;;;;;;;;;
Oh no !;In Construction;Manual;Synchronous;23;0;0;0;0;0;0;0;0;0;0;0;0;0;0;;;;;;;;;;;;;;;;;;;;;;;;
Oh no !;In Construction;Manual;;23;0;0;0;0;0;0;0;0;0;0;0;0;0;0;;;;;;;;;;;;;;;;;;;;;;;;
Oh no !;In Construction;;Asynchronous;23;0;0;0;0;0;0;0;0;0;0;0;0;0;0;;;;;;;;;;;;;;;;;;;;;;;;
Oh no !;In Construction;;Synchronous;23;0;0;0;0;0;0;0;0;0;0;0;0;0;0;;;;;;;;;;;;;;;;;;;;;;;;
Oh no !;In Construction;;;23;0;0;0;0;0;0;0;0;0;0;0;0;0;0;;;;;;;;;;;;;;;;;;;;;;;;
Oh no !;Live to be Stopped;Receiver (pull);Asynchronous;23;0;0;0;0;0;0;0;0;0;0;0;0;0;0;;;;;;;;;;;;;;;;;;;;;;;;
Oh no !;Live to be Stopped;Receiver (pull);Synchronous;23;0;0;0;0;0;0;0;0;0;0;0;0;0;0;;;;;;;;;;;;;;;;;;;;;;;;
Oh no !;Live to be Stopped;Receiver (pull);;23;0;0;0;0;0;0;0;0;0;0;0;0;0;0;;;;;;;;;;;;;;;;;;;;;;;;
Oh no !;Live to be Stopped;Sender (push);Asynchronous;23;0;0;0;0;0;0;0;0;0;0;0;0;0;0;;;;;;;;;;;;;;;;;;;;;;;;
Oh no !;Live to be Stopped;Sender (push);Synchronous;23;0;0;0;0;0;0;0;0;0;0;0;0;0;0;;;;;;;;;;;;;;;;;;;;;;;;
Oh no !;Live to be Stopped;Sender (push);;23;0;0;0;0;0;0;0;0;0;0;0;0;0;0;;;;;;;;;;;;;;;;;;;;;;;;
Oh no !;Live to be Stopped;Manual;Asynchronous;23;0;0;0;0;0;0;0;0;0;0;0;0;0;0;;;;;;;;;;;;;;;;;;;;;;;;
Oh no !;Live to be Stopped;Manual;Synchronous;23;0;0;0;0;0;0;0;0;0;0;0;0;0;0;;;;;;;;;;;;;;;;;;;;;;;;
Oh no !;Live to be Stopped;Manual;;23;1;0;0;1;0;1;0;0;0;0;0;0;0;0;;;;;;;;;;;;;;;;;;;;;;;;
Oh no !;Live to be Stopped;;Asynchronous;23;0;0;0;0;0;0;0;0;0;0;0;0;0;0;;;;;;;;;;;;;;;;;;;;;;;;
Oh no !;Live to be Stopped;;Synchronous;23;0;0;0;0;0;0;0;0;0;0;0;0;0;0;;;;;;;;;;;;;;;;;;;;;;;;
Oh no !;Live to be Stopped;;;23;0;0;0;0;0;0;0;0;0;0;0;0;0;0;;;;;;;;;;;;;;;;;;;;;;;;
Toto ?;Live;Receiver (pull);Asynchronous;22;1;1;0;0;1;0;0;0;0;0;1;1;0;0;;;;;;;;;;;;;;;;;;;;;;;;
Toto ?;Live;Receiver (pull);Synchronous;22;0;0;0;0;0;0;0;0;0;0;0;0;0;0;;;;;;;;;;;;;;;;;;;;;;;;
Toto ?;Live;Receiver (pull);;22;0;0;0;0;0;0;0;0;0;0;0;0;0;0;;;;;;;;;;;;;;;;;;;;;;;;
Toto ?;Live;Sender (push);Asynchronous;22;5;5;0;0;5;0;3;2;3;2;0;0;0;0;;;;;;;;;;;;;;;;;;;;;;;;
Toto ?;Live;Sender (push);Synchronous;22;1;0;1;0;1;0;0;1;0;1;0;0;0;0;;;;;;;;;;;;;;;;;;;;;;;;
Toto ?;Live;Sender (push);;22;1;0;0;1;1;0;1;0;1;0;0;0;0;0;;;;;;;;;;;;;;;;;;;;;;;;
Toto ?;Live;Manual;Asynchronous;22;0;0;0;0;0;0;0;0;0;0;0;0;0;0;;;;;;;;;;;;;;;;;;;;;;;;
Toto ?;Live;Manual;Synchronous;22;0;0;0;0;0;0;0;0;0;0;0;0;0;0;;;;;;;;;;;;;;;;;;;;;;;;
Toto ?;Live;Manual;;22;1;0;0;1;0;1;0;0;0;0;0;0;0;0;;;;;;;;;;;;;;;;;;;;;;;;
Toto ?;Live;;Asynchronous;22;1;1;0;0;1;0;1;0;1;0;0;0;0;0;;;;;;;;;;;;;;;;;;;;;;;;
Toto ?;Live;;Synchronous;22;0;0;0;0;0;0;0;0;0;0;0;0;0;0;;;;;;;;;;;;;;;;;;;;;;;;
Toto ?;Live;;;22;4;0;0;4;4;0;2;0;2;0;2;0;0;2;;;;;;;;;;;;;;;;;;;;;;;;
Toto ?;Planned;Receiver (pull);Asynchronous;22;1;1;0;0;1;0;1;0;1;0;0;0;0;0;;;;;;;;;;;;;;;;;;;;;;;;
Toto ?;Planned;Receiver (pull);Synchronous;22;0;0;0;0;0;0;0;0;0;0;0;0;0;0;;;;;;;;;;;;;;;;;;;;;;;;
Toto ?;Planned;Receiver (pull);;22;0;0;0;0;0;0;0;0;0;0;0;0;0;0;;;;;;;;;;;;;;;;;;;;;;;;
Toto ?;Planned;Sender (push);Asynchronous;22;1;1;0;0;1;0;1;0;1;0;0;0;0;0;;;;;;;;;;;;;;;;;;;;;;;;
Toto ?;Planned;Sender (push);Synchronous;22;0;0;0;0;0;0;0;0;0;0;0;0;0;0;;;;;;;;;;;;;;;;;;;;;;;;
Toto ?;Planned;Sender (push);;22;0;0;0;0;0;0;0;0;0;0;0;0;0;0;;;;;;;;;;;;;;;;;;;;;;;;
Toto ?;Planned;Manual;Asynchronous;22;0;0;0;0;0;0;0;0;0;0;0;0;0;0;;;;;;;;;;;;;;;;;;;;;;;;
Toto ?;Planned;Manual;Synchronous;22;0;0;0;0;0;0;0;0;0;0;0;0;0;0;;;;;;;;;;;;;;;;;;;;;;;;
Toto ?;Planned;Manual;;22;0;0;0;0;0;0;0;0;0;0;0;0;0;0;;;;;;;;;;;;;;;;;;;;;;;;
Toto ?;Planned;;Asynchronous;22;0;0;0;0;0;0;0;0;0;0;0;0;0;0;;;;;;;;;;;;;;;;;;;;;;;;
Toto ?;Planned;;Synchronous;22;0;0;0;0;0;0;0;0;0;0;0;0;0;0;;;;;;;;;;;;;;;;;;;;;;;;
Toto ?;Planned;;;22;5;0;0;5;5;0;0;0;0;0;5;0;0;5;;;;;;;;;;;;;;;;;;;;;;;;
Toto ?;In Construction;Receiver (pull);Asynchronous;22;0;0;0;0;0;0;0;0;0;0;0;0;0;0;;;;;;;;;;;;;;;;;;;;;;;;
Toto ?;In Construction;Receiver (pull);Synchronous;22;0;0;0;0;0;0;0;0;0;0;0;0;0;0;;;;;;;;;;;;;;;;;;;;;;;;
Toto ?;In Construction;Receiver (pull);;22;0;0;0;0;0;0;0;0;0;0;0;0;0;0;;;;;;;;;;;;;;;;;;;;;;;;
Toto ?;In Construction;Sender (push);Asynchronous;22;0;0;0;0;0;0;0;0;0;0;0;0;0;0;;;;;;;;;;;;;;;;;;;;;;;;
Toto ?;In Construction;Sender (push);Synchronous;22;0;0;0;0;0;0;0;0;0;0;0;0;0;0;;;;;;;;;;;;;;;;;;;;;;;;
Toto ?;In Construction;Sender (push);;22;0;0;0;0;0;0;0;0;0;0;0;0;0;0;;;;;;;;;;;;;;;;;;;;;;;;
Toto ?;In Construction;Manual;Asynchronous;22;0;0;0;0;0;0;0;0;0;0;0;0;0;0;;;;;;;;;;;;;;;;;;;;;;;;
Toto ?;In Construction;Manual;Synchronous;22;0;0;0;0;0;0;0;0;0;0;0;0;0;0;;;;;;;;;;;;;;;;;;;;;;;;
Toto ?;In Construction;Manual;;22;0;0;0;0;0;0;0;0;0;0;0;0;0;0;;;;;;;;;;;;;;;;;;;;;;;;
Toto ?;In Construction;;Asynchronous;22;0;0;0;0;0;0;0;0;0;0;0;0;0;0;;;;;;;;;;;;;;;;;;;;;;;;
Toto ?;In Construction;;Synchronous;22;0;0;0;0;0;0;0;0;0;0;0;0;0;0;;;;;;;;;;;;;;;;;;;;;;;;
Toto ?;In Construction;;;22;0;0;0;0;0;0;0;0;0;0;0;0;0;0;;;;;;;;;;;;;;;;;;;;;;;;
Toto ?;Live to be Stopped;Receiver (pull);Asynchronous;22;0;0;0;0;0;0;0;0;0;0;0;0;0;0;;;;;;;;;;;;;;;;;;;;;;;;
Toto ?;Live to be Stopped;Receiver (pull);Synchronous;22;0;0;0;0;0;0;0;0;0;0;0;0;0;0;;;;;;;;;;;;;;;;;;;;;;;;
Toto ?;Live to be Stopped;Receiver (pull);;22;0;0;0;0;0;0;0;0;0;0;0;0;0;0;;;;;;;;;;;;;;;;;;;;;;;;
Toto ?;Live to be Stopped;Sender (push);Asynchronous;22;0;0;0;0;0;0;0;0;0;0;0;0;0;0;;;;;;;;;;;;;;;;;;;;;;;;
Toto ?;Live to be Stopped;Sender (push);Synchronous;22;0;0;0;0;0;0;0;0;0;0;0;0;0;0;;;;;;;;;;;;;;;;;;;;;;;;
Toto ?;Live to be Stopped;Sender (push);;22;0;0;0;0;0;0;0;0;0;0;0;0;0;0;;;;;;;;;;;;;;;;;;;;;;;;
Toto ?;Live to be Stopped;Manual;Asynchronous;22;0;0;0;0;0;0;0;0;0;0;0;0;0;0;;;;;;;;;;;;;;;;;;;;;;;;
Toto ?;Live to be Stopped;Manual;Synchronous;22;0;0;0;0;0;0;0;0;0;0;0;0;0;0;;;;;;;;;;;;;;;;;;;;;;;;
Toto ?;Live to be Stopped;Manual;;22;1;0;0;1;0;1;0;0;0;0;0;0;0;0;;;;;;;;;;;;;;;;;;;;;;;;
Toto ?;Live to be Stopped;;Asynchronous;22;0;0;0;0;0;0;0;0;0;0;0;0;0;0;;;;;;;;;;;;;;;;;;;;;;;;
Toto ?;Live to be Stopped;;Synchronous;22;0;0;0;0;0;0;0;0;0;0;0;0;0;0;;;;;;;;;;;;;;;;;;;;;;;;
Toto ?;Live to be Stopped;;;22;0;0;0;0;0;0;0;0;0;0;0;0;0;0;;;;;;;;;;;;;;;;;;;;;;;;
Data test;Live;Receiver (pull);Asynchronous;18;4;4;0;0;4;0;4;0;4;0;0;0;0;0;;;;;;;;;;;;;;;;;;;;;;;;
Data test;Live;Receiver (pull);Synchronous;18;1;0;1;0;1;0;0;1;0;1;0;0;0;0;;;;;;;;;;;;;;;;;;;;;;;;
Data test;Live;Receiver (pull);;18;0;0;0;0;0;0;0;0;0;0;0;0;0;0;;;;;;;;;;;;;;;;;;;;;;;;
Data test;Live;Sender (push);Asynchronous;18;1;1;0;0;1;0;1;0;1;0;0;0;0;0;;;;;;;;;;;;;;;;;;;;;;;;
Data test;Live;Sender (push);Synchronous;18;0;0;0;0;0;0;0;0;0;0;0;0;0;0;;;;;;;;;;;;;;;;;;;;;;;;
Data test;Live;Sender (push);;18;0;0;0;0;0;0;0;0;0;0;0;0;0;0;;;;;;;;;;;;;;;;;;;;;;;;
Data test;Live;Manual;Asynchronous;18;0;0;0;0;0;0;0;0;0;0;0;0;0;0;;;;;;;;;;;;;;;;;;;;;;;;
Data test;Live;Manual;Synchronous;18;0;0;0;0;0;0;0;0;0;0;0;0;0;0;;;;;;;;;;;;;;;;;;;;;;;;
Data test;Live;Manual;;18;1;0;0;1;0;1;0;0;0;0;0;0;0;0;;;;;;;;;;;;;;;;;;;;;;;;
Data test;Live;;Asynchronous;18;2;2;0;0;2;0;2;0;2;0;0;0;0;0;;;;;;;;;;;;;;;;;;;;;;;;
Data test;Live;;Synchronous;18;6;0;6;0;6;0;0;5;0;5;1;0;1;0;;;;;;;;;;;;;;;;;;;;;;;;
Data test;Live;;;18;3;0;0;3;3;0;1;0;1;0;2;0;0;2;;;;;;;;;;;;;;;;;;;;;;;;
Data test;Planned;Receiver (pull);Asynchronous;18;0;0;0;0;0;0;0;0;0;0;0;0;0;0;;;;;;;;;;;;;;;;;;;;;;;;
Data test;Planned;Receiver (pull);Synchronous;18;0;0;0;0;0;0;0;0;0;0;0;0;0;0;;;;;;;;;;;;;;;;;;;;;;;;
Data test;Planned;Receiver (pull);;18;0;0;0;0;0;0;0;0;0;0;0;0;0;0;;;;;;;;;;;;;;;;;;;;;;;;
Data test;Planned;Sender (push);Asynchronous;18;0;0;0;0;0;0;0;0;0;0;0;0;0;0;;;;;;;;;;;;;;;;;;;;;;;;
Data test;Planned;Sender (push);Synchronous;18;0;0;0;0;0;0;0;0;0;0;0;0;0;0;;;;;;;;;;;;;;;;;;;;;;;;
Data test;Planned;Sender (push);;18;0;0;0;0;0;0;0;0;0;0;0;0;0;0;;;;;;;;;;;;;;;;;;;;;;;;
Data test;Planned;Manual;Asynchronous;18;0;0;0;0;0;0;0;0;0;0;0;0;0;0;;;;;;;;;;;;;;;;;;;;;;;;
Data test;Planned;Manual;Synchronous;18;0;0;0;0;0;0;0;0;0;0;0;0;0;0;;;;;;;;;;;;;;;;;;;;;;;;
Data test;Planned;Manual;;18;0;0;0;0;0;0;0;0;0;0;0;0;0;0;;;;;;;;;;;;;;;;;;;;;;;;
Data test;Planned;;Asynchronous;18;0;0;0;0;0;0;0;0;0;0;0;0;0;0;;;;;;;;;;;;;;;;;;;;;;;;
Data test;Planned;;Synchronous;18;0;0;0;0;0;0;0;0;0;0;0;0;0;0;;;;;;;;;;;;;;;;;;;;;;;;
Data test;Planned;;;18;0;0;0;0;0;0;0;0;0;0;0;0;0;0;;;;;;;;;;;;;;;;;;;;;;;;
Data test;In Construction;Receiver (pull);Asynchronous;18;0;0;0;0;0;0;0;0;0;0;0;0;0;0;;;;;;;;;;;;;;;;;;;;;;;;
Data test;In Construction;Receiver (pull);Synchronous;18;0;0;0;0;0;0;0;0;0;0;0;0;0;0;;;;;;;;;;;;;;;;;;;;;;;;
Data test;In Construction;Receiver (pull);;18;0;0;0;0;0;0;0;0;0;0;0;0;0;0;;;;;;;;;;;;;;;;;;;;;;;;
Data test;In Construction;Sender (push);Asynchronous;18;0;0;0;0;0;0;0;0;0;0;0;0;0;0;;;;;;;;;;;;;;;;;;;;;;;;
Data test;In Construction;Sender (push);Synchronous;18;0;0;0;0;0;0;0;0;0;0;0;0;0;0;;;;;;;;;;;;;;;;;;;;;;;;
Data test;In Construction;Sender (push);;18;0;0;0;0;0;0;0;0;0;0;0;0;0;0;;;;;;;;;;;;;;;;;;;;;;;;
Data test;In Construction;Manual;Asynchronous;18;0;0;0;0;0;0;0;0;0;0;0;0;0;0;;;;;;;;;;;;;;;;;;;;;;;;
Data test;In Construction;Manual;Synchronous;18;0;0;0;0;0;0;0;0;0;0;0;0;0;0;;;;;;;;;;;;;;;;;;;;;;;;
Data test;In Construction;Manual;;18;0;0;0;0;0;0;0;0;0;0;0;0;0;0;;;;;;;;;;;;;;;;;;;;;;;;
Data test;In Construction;;Asynchronous;18;0;0;0;0;0;0;0;0;0;0;0;0;0;0;;;;;;;;;;;;;;;;;;;;;;;;
Data test;In Construction;;Synchronous;18;0;0;0;0;0;0;0;0;0;0;0;0;0;0;;;;;;;;;;;;;;;;;;;;;;;;
Data test;In Construction;;;18;0;0;0;0;0;0;0;0;0;0;0;0;0;0;;;;;;;;;;;;;;;;;;;;;;;;
Data test;Live to be Stopped;Receiver (pull);Asynchronous;18;0;0;0;0;0;0;0;0;0;0;0;0;0;0;;;;;;;;;;;;;;;;;;;;;;;;
Data test;Live to be Stopped;Receiver (pull);Synchronous;18;0;0;0;0;0;0;0;0;0;0;0;0;0;0;;;;;;;;;;;;;;;;;;;;;;;;
Data test;Live to be Stopped;Receiver (pull);;18;0;0;0;0;0;0;0;0;0;0;0;0;0;0;;;;;;;;;;;;;;;;;;;;;;;;
Data test;Live to be Stopped;Sender (push);Asynchronous;18;0;0;0;0;0;0;0;0;0;0;0;0;0;0;;;;;;;;;;;;;;;;;;;;;;;;
Data test;Live to be Stopped;Sender (push);Synchronous;18;0;0;0;0;0;0;0;0;0;0;0;0;0;0;;;;;;;;;;;;;;;;;;;;;;;;
Data test;Live to be Stopped;Sender (push);;18;0;0;0;0;0;0;0;0;0;0;0;0;0;0;;;;;;;;;;;;;;;;;;;;;;;;
Data test;Live to be Stopped;Manual;Asynchronous;18;0;0;0;0;0;0;0;0;0;0;0;0;0;0;;;;;;;;;;;;;;;;;;;;;;;;
Data test;Live to be Stopped;Manual;Synchronous;18;0;0;0;0;0;0;0;0;0;0;0;0;0;0;;;;;;;;;;;;;;;;;;;;;;;;
Data test;Live to be Stopped;Manual;;18;0;0;0;0;0;0;0;0;0;0;0;0;0;0;;;;;;;;;;;;;;;;;;;;;;;;
Data test;Live to be Stopped;;Asynchronous;18;0;0;0;0;0;0;0;0;0;0;0;0;0;0;;;;;;;;;;;;;;;;;;;;;;;;
Data test;Live to be Stopped;;Synchronous;18;0;0;0;0;0;0;0;0;0;0;0;0;0;0;;;;;;;;;;;;;;;;;;;;;;;;
Data test;Live to be Stopped;;;18;0;0;0;0;0;0;0;0;0;0;0;0;0;0;;;;;;;;;;;;;;;;;;;;;;;;
It can also;Live;Receiver (pull);Asynchronous;11;0;0;0;0;0;0;0;0;0;0;0;0;0;0;;;;;;;;;;;;;;;;;;;;;;;;
It can also;Live;Receiver (pull);Synchronous;11;1;0;1;0;1;0;1;0;1;0;0;0;0;0;;;;;;;;;;;;;;;;;;;;;;;;
It can also;Live;Receiver (pull);;11;0;0;0;0;0;0;0;0;0;0;0;0;0;0;;;;;;;;;;;;;;;;;;;;;;;;
It can also;Live;Sender (push);Asynchronous;11;0;0;0;0;0;0;0;0;0;0;0;0;0;0;;;;;;;;;;;;;;;;;;;;;;;;
It can also;Live;Sender (push);Synchronous;11;0;0;0;0;0;0;0;0;0;0;0;0;0;0;;;;;;;;;;;;;;;;;;;;;;;;
It can also;Live;Sender (push);;11;0;0;0;0;0;0;0;0;0;0;0;0;0;0;;;;;;;;;;;;;;;;;;;;;;;;
It can also;Live;Manual;Asynchronous;11;0;0;0;0;0;0;0;0;0;0;0;0;0;0;;;;;;;;;;;;;;;;;;;;;;;;
It can also;Live;Manual;Synchronous;11;0;0;0;0;0;0;0;0;0;0;0;0;0;0;;;;;;;;;;;;;;;;;;;;;;;;
It can also;Live;Manual;;11;0;0;0;0;0;0;0;0;0;0;0;0;0;0;;;;;;;;;;;;;;;;;;;;;;;;
It can also;Live;;Asynchronous;11;0;0;0;0;0;0;0;0;0;0;0;0;0;0;;;;;;;;;;;;;;;;;;;;;;;;
It can also;Live;;Synchronous;11;0;0;0;0;0;0;0;0;0;0;0;0;0;0;;;;;;;;;;;;;;;;;;;;;;;;
It can also;Live;;;11;6;0;0;6;6;0;0;0;0;0;6;0;0;6;;;;;;;;;;;;;;;;;;;;;;;;
It can also;Planned;Receiver (pull);Asynchronous;11;0;0;0;0;0;0;0;0;0;0;0;0;0;0;;;;;;;;;;;;;;;;;;;;;;;;
It can also;Planned;Receiver (pull);Synchronous;11;1;0;1;0;1;0;0;1;0;1;0;0;0;0;;;;;;;;;;;;;;;;;;;;;;;;
It can also;Planned;Receiver (pull);;11;0;0;0;0;0;0;0;0;0;0;0;0;0;0;;;;;;;;;;;;;;;;;;;;;;;;
It can also;Planned;Sender (push);Asynchronous;11;0;0;0;0;0;0;0;0;0;0;0;0;0;0;;;;;;;;;;;;;;;;;;;;;;;;
It can also;Planned;Sender (push);Synchronous;11;0;0;0;0;0;0;0;0;0;0;0;0;0;0;;;;;;;;;;;;;;;;;;;;;;;;
It can also;Planned;Sender (push);;11;0;0;0;0;0;0;0;0;0;0;0;0;0;0;;;;;;;;;;;;;;;;;;;;;;;;
It can also;Planned;Manual;Asynchronous;11;0;0;0;0;0;0;0;0;0;0;0;0;0;0;;;;;;;;;;;;;;;;;;;;;;;;
It can also;Planned;Manual;Synchronous;11;0;0;0;0;0;0;0;0;0;0;0;0;0;0;;;;;;;;;;;;;;;;;;;;;;;;
It can also;Planned;Manual;;11;0;0;0;0;0;0;0;0;0;0;0;0;0;0;;;;;;;;;;;;;;;;;;;;;;;;
It can also;Planned;;Asynchronous;11;1;1;0;0;1;0;1;0;1;0;0;0;0;0;;;;;;;;;;;;;;;;;;;;;;;;
It can also;Planned;;Synchronous;11;0;0;0;0;0;0;0;0;0;0;0;0;0;0;;;;;;;;;;;;;;;;;;;;;;;;
It can also;Planned;;;11;0;0;0;0;0;0;0;0;0;0;0;0;0;0;;;;;;;;;;;;;;;;;;;;;;;;
It can also;In Construction;Receiver (pull);Asynchronous;11;0;0;0;0;0;0;0;0;0;0;0;0;0;0;;;;;;;;;;;;;;;;;;;;;;;;
It can also;In Construction;Receiver (pull);Synchronous;11;0;0;0;0;0;0;0;0;0;0;0;0;0;0;;;;;;;;;;;;;;;;;;;;;;;;
It can also;In Construction;Receiver (pull);;11;0;0;0;0;0;0;0;0;0;0;0;0;0;0;;;;;;;;;;;;;;;;;;;;;;;;
It can also;In Construction;Sender (push);Asynchronous;11;0;0;0;0;0;0;0;0;0;0;0;0;0;0;;;;;;;;;;;;;;;;;;;;;;;;
It can also;In Construction;Sender (push);Synchronous;11;0;0;0;0;0;0;0;0;0;0;0;0;0;0;;;;;;;;;;;;;;;;;;;;;;;;
It can also;In Construction;Sender (push);;11;0;0;0;0;0;0;0;0;0;0;0;0;0;0;;;;;;;;;;;;;;;;;;;;;;;;
It can also;In Construction;Manual;Asynchronous;11;0;0;0;0;0;0;0;0;0;0;0;0;0;0;;;;;;;;;;;;;;;;;;;;;;;;
It can also;In Construction;Manual;Synchronous;11;0;0;0;0;0;0;0;0;0;0;0;0;0;0;;;;;;;;;;;;;;;;;;;;;;;;
It can also;In Construction;Manual;;11;0;0;0;0;0;0;0;0;0;0;0;0;0;0;;;;;;;;;;;;;;;;;;;;;;;;
It can also;In Construction;;Asynchronous;11;0;0;0;0;0;0;0;0;0;0;0;0;0;0;;;;;;;;;;;;;;;;;;;;;;;;
It can also;In Construction;;Synchronous;11;0;0;0;0;0;0;0;0;0;0;0;0;0;0;;;;;;;;;;;;;;;;;;;;;;;;
It can also;In Construction;;;11;0;0;0;0;0;0;0;0;0;0;0;0;0;0;;;;;;;;;;;;;;;;;;;;;;;;
It can also;Live to be Stopped;Receiver (pull);Asynchronous;11;1;1;0;0;1;0;1;0;1;0;0;0;0;0;;;;;;;;;;;;;;;;;;;;;;;;
It can also;Live to be Stopped;Receiver (pull);Synchronous;11;1;0;1;0;1;0;0;1;0;1;0;0;0;0;;;;;;;;;;;;;;;;;;;;;;;;
It can also;Live to be Stopped;Receiver (pull);;11;0;0;0;0;0;0;0;0;0;0;0;0;0;0;;;;;;;;;;;;;;;;;;;;;;;;
It can also;Live to be Stopped;Sender (push);Asynchronous;11;0;0;0;0;0;0;0;0;0;0;0;0;0;0;;;;;;;;;;;;;;;;;;;;;;;;
It can also;Live to be Stopped;Sender (push);Synchronous;11;0;0;0;0;0;0;0;0;0;0;0;0;0;0;;;;;;;;;;;;;;;;;;;;;;;;
It can also;Live to be Stopped;Sender (push);;11;0;0;0;0;0;0;0;0;0;0;0;0;0;0;;;;;;;;;;;;;;;;;;;;;;;;
It can also;Live to be Stopped;Manual;Asynchronous;11;0;0;0;0;0;0;0;0;0;0;0;0;0;0;;;;;;;;;;;;;;;;;;;;;;;;
It can also;Live to be Stopped;Manual;Synchronous;11;0;0;0;0;0;0;0;0;0;0;0;0;0;0;;;;;;;;;;;;;;;;;;;;;;;;
It can also;Live to be Stopped;Manual;;11;0;0;0;0;0;0;0;0;0;0;0;0;0;0;;;;;;;;;;;;;;;;;;;;;;;;
It can also;Live to be Stopped;;Asynchronous;11;0;0;0;0;0;0;0;0;0;0;0;0;0;0;;;;;;;;;;;;;;;;;;;;;;;;
It can also;Live to be Stopped;;Synchronous;11;0;0;0;0;0;0;0;0;0;0;0;0;0;0;;;;;;;;;;;;;;;;;;;;;;;;
It can also;Live to be Stopped;;;11;0;0;0;0;0;0;0;0;0;0;0;0;0;0;;;;;;;;;;;;;;;;;;;;;;;;
Be a number;Live;Receiver (pull);Asynchronous;28;2;2;0;0;2;0;2;0;2;0;0;0;0;0;;;;;;;;;;;;;;;;;;;;;;;;
Be a number;Live;Receiver (pull);Synchronous;28;0;0;0;0;0;0;0;0;0;0;0;0;0;0;;;;;;;;;;;;;;;;;;;;;;;;
Be a number;Live;Receiver (pull);;28;1;0;0;1;1;0;1;0;1;0;0;0;0;0;;;;;;;;;;;;;;;;;;;;;;;;
Be a number;Live;Sender (push);Asynchronous;28;2;2;0;0;2;0;2;0;2;0;0;0;0;0;;;;;;;;;;;;;;;;;;;;;;;;
Be a number;Live;Sender (push);Synchronous;28;0;0;0;0;0;0;0;0;0;0;0;0;0;0;;;;;;;;;;;;;;;;;;;;;;;;
Be a number;Live;Sender (push);;28;20;0;0;20;20;0;3;0;3;0;17;0;0;17;;;;;;;;;;;;;;;;;;;;;;;;
Be a number;Live;Manual;Asynchronous;28;0;0;0;0;0;0;0;0;0;0;0;0;0;0;;;;;;;;;;;;;;;;;;;;;;;;
Be a number;Live;Manual;Synchronous;28;0;0;0;0;0;0;0;0;0;0;0;0;0;0;;;;;;;;;;;;;;;;;;;;;;;;
Be a number;Live;Manual;;28;3;0;0;3;0;3;1;0;0;0;0;0;0;0;;;;;;;;;;;;;;;;;;;;;;;;
Be a number;Live;;Asynchronous;28;0;0;0;0;0;0;0;0;0;0;0;0;0;0;;;;;;;;;;;;;;;;;;;;;;;;
Be a number;Live;;Synchronous;28;0;0;0;0;0;0;0;0;0;0;0;0;0;0;;;;;;;;;;;;;;;;;;;;;;;;
Be a number;Live;;;28;0;0;0;0;0;0;0;0;0;0;0;0;0;0;;;;;;;;;;;;;;;;;;;;;;;;
Be a number;Planned;Receiver (pull);Asynchronous;28;0;0;0;0;0;0;0;0;0;0;0;0;0;0;;;;;;;;;;;;;;;;;;;;;;;;
Be a number;Planned;Receiver (pull);Synchronous;28;0;0;0;0;0;0;0;0;0;0;0;0;0;0;;;;;;;;;;;;;;;;;;;;;;;;
Be a number;Planned;Receiver (pull);;28;0;0;0;0;0;0;0;0;0;0;0;0;0;0;;;;;;;;;;;;;;;;;;;;;;;;
Be a number;Planned;Sender (push);Asynchronous;28;0;0;0;0;0;0;0;0;0;0;0;0;0;0;;;;;;;;;;;;;;;;;;;;;;;;
Be a number;Planned;Sender (push);Synchronous;28;0;0;0;0;0;0;0;0;0;0;0;0;0;0;;;;;;;;;;;;;;;;;;;;;;;;
Be a number;Planned;Sender (push);;28;0;0;0;0;0;0;0;0;0;0;0;0;0;0;;;;;;;;;;;;;;;;;;;;;;;;
Be a number;Planned;Manual;Asynchronous;28;0;0;0;0;0;0;0;0;0;0;0;0;0;0;;;;;;;;;;;;;;;;;;;;;;;;
Be a number;Planned;Manual;Synchronous;28;0;0;0;0;0;0;0;0;0;0;0;0;0;0;;;;;;;;;;;;;;;;;;;;;;;;
Be a number;Planned;Manual;;28;0;0;0;0;0;0;0;0;0;0;0;0;0;0;;;;;;;;;;;;;;;;;;;;;;;;
Be a number;Planned;;Asynchronous;28;0;0;0;0;0;0;0;0;0;0;0;0;0;0;;;;;;;;;;;;;;;;;;;;;;;;
Be a number;Planned;;Synchronous;28;0;0;0;0;0;0;0;0;0;0;0;0;0;0;;;;;;;;;;;;;;;;;;;;;;;;
Be a number;Planned;;;28;0;0;0;0;0;0;0;0;0;0;0;0;0;0;;;;;;;;;;;;;;;;;;;;;;;;
Be a number;In Construction;Receiver (pull);Asynchronous;28;0;0;0;0;0;0;0;0;0;0;0;0;0;0;;;;;;;;;;;;;;;;;;;;;;;;
Be a number;In Construction;Receiver (pull);Synchronous;28;0;0;0;0;0;0;0;0;0;0;0;0;0;0;;;;;;;;;;;;;;;;;;;;;;;;
Be a number;In Construction;Receiver (pull);;28;0;0;0;0;0;0;0;0;0;0;0;0;0;0;;;;;;;;;;;;;;;;;;;;;;;;
Be a number;In Construction;Sender (push);Asynchronous;28;0;0;0;0;0;0;0;0;0;0;0;0;0;0;;;;;;;;;;;;;;;;;;;;;;;;
Be a number;In Construction;Sender (push);Synchronous;28;0;0;0;0;0;0;0;0;0;0;0;0;0;0;;;;;;;;;;;;;;;;;;;;;;;;
Be a number;In Construction;Sender (push);;28;0;0;0;0;0;0;0;0;0;0;0;0;0;0;;;;;;;;;;;;;;;;;;;;;;;;
Be a number;In Construction;Manual;Asynchronous;28;0;0;0;0;0;0;0;0;0;0;0;0;0;0;;;;;;;;;;;;;;;;;;;;;;;;
Be a number;In Construction;Manual;Synchronous;28;0;0;0;0;0;0;0;0;0;0;0;0;0;0;;;;;;;;;;;;;;;;;;;;;;;;
Be a number;In Construction;Manual;;28;0;0;0;0;0;0;0;0;0;0;0;0;0;0;;;;;;;;;;;;;;;;;;;;;;;;
Be a number;In Construction;;Asynchronous;28;0;0;0;0;0;0;0;0;0;0;0;0;0;0;;;;;;;;;;;;;;;;;;;;;;;;
Be a number;In Construction;;Synchronous;28;0;0;0;0;0;0;0;0;0;0;0;0;0;0;;;;;;;;;;;;;;;;;;;;;;;;
Be a number;In Construction;;;28;0;0;0;0;0;0;0;0;0;0;0;0;0;0;;;;;;;;;;;;;;;;;;;;;;;;
Be a number;Live to be Stopped;Receiver (pull);Asynchronous;28;0;0;0;0;0;0;0;0;0;0;0;0;0;0;;;;;;;;;;;;;;;;;;;;;;;;
Be a number;Live to be Stopped;Receiver (pull);Synchronous;28;0;0;0;0;0;0;0;0;0;0;0;0;0;0;;;;;;;;;;;;;;;;;;;;;;;;
Be a number;Live to be Stopped;Receiver (pull);;28;0;0;0;0;0;0;0;0;0;0;0;0;0;0;;;;;;;;;;;;;;;;;;;;;;;;
Be a number;Live to be Stopped;Sender (push);Asynchronous;28;0;0;0;0;0;0;0;0;0;0;0;0;0;0;;;;;;;;;;;;;;;;;;;;;;;;
Be a number;Live to be Stopped;Sender (push);Synchronous;28;0;0;0;0;0;0;0;0;0;0;0;0;0;0;;;;;;;;;;;;;;;;;;;;;;;;
Be a number;Live to be Stopped;Sender (push);;28;0;0;0;0;0;0;0;0;0;0;0;0;0;0;;;;;;;;;;;;;;;;;;;;;;;;
Be a number;Live to be Stopped;Manual;Asynchronous;28;0;0;0;0;0;0;0;0;0;0;0;0;0;0;;;;;;;;;;;;;;;;;;;;;;;;
Be a number;Live to be Stopped;Manual;Synchronous;28;0;0;0;0;0;0;0;0;0;0;0;0;0;0;;;;;;;;;;;;;;;;;;;;;;;;
Be a number;Live to be Stopped;Manual;;28;0;0;0;0;0;0;0;0;0;0;0;0;0;0;;;;;;;;;;;;;;;;;;;;;;;;
Be a number;Live to be Stopped;;Asynchronous;28;0;0;0;0;0;0;0;0;0;0;0;0;0;0;;;;;;;;;;;;;;;;;;;;;;;;
Be a number;Live to be Stopped;;Synchronous;28;0;0;0;0;0;0;0;0;0;0;0;0;0;0;;;;;;;;;;;;;;;;;;;;;;;;
Be a number;Live to be Stopped;;;28;0;0;0;0;0;0;0;0;0;0;0;0;0;0;;;;;;;;;;;;;;;;;;;;;;;;
1;Live;Receiver (pull);Asynchronous;22;1;1;0;0;1;0;1;0;1;0;0;0;0;0;;;;;;;;;;;;;;;;;;;;;;;;
1;Live;Receiver (pull);Synchronous;22;0;0;0;0;0;0;0;0;0;0;0;0;0;0;;;;;;;;;;;;;;;;;;;;;;;;
1;Live;Receiver (pull);;22;0;0;0;0;0;0;0;0;0;0;0;0;0;0;;;;;;;;;;;;;;;;;;;;;;;;
1;Live;Sender (push);Asynchronous;22;1;1;0;0;1;0;1;0;1;0;0;0;0;0;;;;;;;;;;;;;;;;;;;;;;;;
1;Live;Sender (push);Synchronous;22;0;0;0;0;0;0;0;0;0;0;0;0;0;0;;;;;;;;;;;;;;;;;;;;;;;;
1;Live;Sender (push);;22;0;0;0;0;0;0;0;0;0;0;0;0;0;0;;;;;;;;;;;;;;;;;;;;;;;;
1;Live;Manual;Asynchronous;22;0;0;0;0;0;0;0;0;0;0;0;0;0;0;;;;;;;;;;;;;;;;;;;;;;;;
1;Live;Manual;Synchronous;22;0;0;0;0;0;0;0;0;0;0;0;0;0;0;;;;;;;;;;;;;;;;;;;;;;;;
1;Live;Manual;;22;1;0;0;1;0;1;0;0;0;0;0;0;0;0;;;;;;;;;;;;;;;;;;;;;;;;
1;Live;;Asynchronous;22;2;2;0;0;2;0;1;0;1;0;1;1;0;0;;;;;;;;;;;;;;;;;;;;;;;;
1;Live;;Synchronous;22;0;0;0;0;0;0;0;0;0;0;0;0;0;0;;;;;;;;;;;;;;;;;;;;;;;;
1;Live;;;22;5;0;0;5;5;0;1;0;1;0;4;0;0;4;;;;;;;;;;;;;;;;;;;;;;;;
1;Planned;Receiver (pull);Asynchronous;22;0;0;0;0;0;0;0;0;0;0;0;0;0;0;;;;;;;;;;;;;;;;;;;;;;;;
1;Planned;Receiver (pull);Synchronous;22;0;0;0;0;0;0;0;0;0;0;0;0;0;0;;;;;;;;;;;;;;;;;;;;;;;;
1;Planned;Receiver (pull);;22;0;0;0;0;0;0;0;0;0;0;0;0;0;0;;;;;;;;;;;;;;;;;;;;;;;;
1;Planned;Sender (push);Asynchronous;22;0;0;0;0;0;0;0;0;0;0;0;0;0;0;;;;;;;;;;;;;;;;;;;;;;;;
1;Planned;Sender (push);Synchronous;22;0;0;0;0;0;0;0;0;0;0;0;0;0;0;;;;;;;;;;;;;;;;;;;;;;;;
1;Planned;Sender (push);;22;0;0;0;0;0;0;0;0;0;0;0;0;0;0;;;;;;;;;;;;;;;;;;;;;;;;
1;Planned;Manual;Asynchronous;22;0;0;0;0;0;0;0;0;0;0;0;0;0;0;;;;;;;;;;;;;;;;;;;;;;;;
1;Planned;Manual;Synchronous;22;0;0;0;0;0;0;0;0;0;0;0;0;0;0;;;;;;;;;;;;;;;;;;;;;;;;
1;Planned;Manual;;22;0;0;0;0;0;0;0;0;0;0;0;0;0;0;;;;;;;;;;;;;;;;;;;;;;;;
1;Planned;;Asynchronous;22;7;7;0;0;7;0;5;0;5;0;2;2;0;0;;;;;;;;;;;;;;;;;;;;;;;;
1;Planned;;Synchronous;22;0;0;0;0;0;0;0;0;0;0;0;0;0;0;;;;;;;;;;;;;;;;;;;;;;;;
1;Planned;;;22;2;0;0;2;2;0;0;0;0;0;2;0;0;2;;;;;;;;;;;;;;;;;;;;;;;;
1;In Construction;Receiver (pull);Asynchronous;22;0;0;0;0;0;0;0;0;0;0;0;0;0;0;;;;;;;;;;;;;;;;;;;;;;;;
1;In Construction;Receiver (pull);Synchronous;22;0;0;0;0;0;0;0;0;0;0;0;0;0;0;;;;;;;;;;;;;;;;;;;;;;;;
1;In Construction;Receiver (pull);;22;0;0;0;0;0;0;0;0;0;0;0;0;0;0;;;;;;;;;;;;;;;;;;;;;;;;
1;In Construction;Sender (push);Asynchronous;22;0;0;0;0;0;0;0;0;0;0;0;0;0;0;;;;;;;;;;;;;;;;;;;;;;;;
1;In Construction;Sender (push);Synchronous;22;0;0;0;0;0;0;0;0;0;0;0;0;0;0;;;;;;;;;;;;;;;;;;;;;;;;
1;In Construction;Sender (push);;22;0;0;0;0;0;0;0;0;0;0;0;0;0;0;;;;;;;;;;;;;;;;;;;;;;;;
1;In Construction;Manual;Asynchronous;22;0;0;0;0;0;0;0;0;0;0;0;0;0;0;;;;;;;;;;;;;;;;;;;;;;;;
1;In Construction;Manual;Synchronous;22;0;0;0;0;0;0;0;0;0;0;0;0;0;0;;;;;;;;;;;;;;;;;;;;;;;;
1;In Construction;Manual;;22;0;0;0;0;0;0;0;0;0;0;0;0;0;0;;;;;;;;;;;;;;;;;;;;;;;;
1;In Construction;;Asynchronous;22;0;0;0;0;0;0;0;0;0;0;0;0;0;0;;;;;;;;;;;;;;;;;;;;;;;;
1;In Construction;;Synchronous;22;0;0;0;0;0;0;0;0;0;0;0;0;0;0;;;;;;;;;;;;;;;;;;;;;;;;
1;In Construction;;;22;0;0;0;0;0;0;0;0;0;0;0;0;0;0;;;;;;;;;;;;;;;;;;;;;;;;
1;Live to be Stopped;Receiver (pull);Asynchronous;22;0;0;0;0;0;0;0;0;0;0;0;0;0;0;;;;;;;;;;;;;;;;;;;;;;;;
1;Live to be Stopped;Receiver (pull);Synchronous;22;0;0;0;0;0;0;0;0;0;0;0;0;0;0;;;;;;;;;;;;;;;;;;;;;;;;
1;Live to be Stopped;Receiver (pull);;22;0;0;0;0;0;0;0;0;0;0;0;0;0;0;;;;;;;;;;;;;;;;;;;;;;;;
1;Live to be Stopped;Sender (push);Asynchronous;22;0;0;0;0;0;0;0;0;0;0;0;0;0;0;;;;;;;;;;;;;;;;;;;;;;;;
1;Live to be Stopped;Sender (push);Synchronous;22;0;0;0;0;0;0;0;0;0;0;0;0;0;0;;;;;;;;;;;;;;;;;;;;;;;;
1;Live to be Stopped;Sender (push);;22;0;0;0;0;0;0;0;0;0;0;0;0;0;0;;;;;;;;;;;;;;;;;;;;;;;;
1;Live to be Stopped;Manual;Asynchronous;22;0;0;0;0;0;0;0;0;0;0;0;0;0;0;;;;;;;;;;;;;;;;;;;;;;;;
1;Live to be Stopped;Manual;Synchronous;22;0;0;0;0;0;0;0;0;0;0;0;0;0;0;;;;;;;;;;;;;;;;;;;;;;;;
1;Live to be Stopped;Manual;;22;0;0;0;0;0;0;0;0;0;0;0;0;0;0;;;;;;;;;;;;;;;;;;;;;;;;
1;Live to be Stopped;;Asynchronous;22;0;0;0;0;0;0;0;0;0;0;0;0;0;0;;;;;;;;;;;;;;;;;;;;;;;;
1;Live to be Stopped;;Synchronous;22;3;0;3;0;3;0;0;0;0;0;3;0;3;0;;;;;;;;;;;;;;;;;;;;;;;;
1;Live to be Stopped;;;22;0;0;0;0;0;0;0;0;0;0;0;0;0;0;;;;;;;;;;;;;;;;;;;;;;;;